<?xml version="1.0" encoding="UTF-8"?>
<project-private xmlns="http://www.netbeans.org/ns/project-private/1">
    <editor-bookmarks xmlns="http://www.netbeans.org/ns/editor-bookmarks/2" lastBookmarkId="0"/>
    <open-files xmlns="http://www.netbeans.org/ns/projectui-open-files/2">
        <group>
            <file>file:/C:/Unlam/Lic.En%20Gestion/TercerCuatrimestre%202020/01-%20Programacion%20Avanzada%201/ENTREGATP/Proyectos/Conversor/src/conversor/ConversorGenerico.java</file>
            <file>file:/C:/Unlam/Lic.En%20Gestion/TercerCuatrimestre%202020/01-%20Programacion%20Avanzada%201/ENTREGATP/Proyectos/Conversor/src/conversor/PulgadasCentimetrosConversor.java</file>
            <file>file:/C:/Unlam/Lic.En%20Gestion/TercerCuatrimestre%202020/01-%20Programacion%20Avanzada%201/ENTREGATP/Proyectos/Conversor/src/conversor/Conversor.java</file>
            <file>file:/C:/Unlam/Lic.En%20Gestion/TercerCuatrimestre%202020/01-%20Programacion%20Avanzada%201/ENTREGATP/Proyectos/Conversor/src/conversor/CentimetrosPulgadasConversor.java</file>
            <file>file:/C:/Unlam/Lic.En%20Gestion/TercerCuatrimestre%202020/01-%20Programacion%20Avanzada%201/ENTREGATP/Proyectos/Conversor/src/conversor/MetrosKMConversor.java</file>
        </group>
    </open-files>
</project-private>
